University Of Alabama At Birmingham,477
University Of Michigan,348
University Of Wisconsin,179
Brigham And Women'S Hospital,166
Massachusetts General Hospital,165
Stanford University,163
Johns Hopkins University School Of Medicine,157
Indiana University School Of Medicine,156
Yale University School Of Medicine,152
University Of Miami,148
University Of Texas Southwestern Medical Center,146
University Of Florida,138
Medical College Of Wisconsin,138
University Of Arizona,132
University Of Colorado Denver,119
David Geffen School Of Medicine,113
Duke University Medical Center,110
University Of North Carolina At Chapel Hill,107
Hospital Of The University Of Pennsylvania,107
University Of Pennsylvania,103
Feinberg School Of Medicine - Northwestern University,103
Ohio State University,100
University Of Utah,91
Vanderbilt University Medical Center,90
University Of California - San Francisco,87
University Of Texas Health Science Center At Houston,84
University Of Cincinnati,80
University Of Pittsburgh,80
Temple University,79
Baylor College Of Medicine,78
Beth Israel Deaconess Medical Center,78
University Of California - Los Angeles,74
Roswell Park Cancer Institute,73
University Of Chicago,73
Texas Children'S Hospital,71
University Of Virginia,70
University Of California - San Diego,57
University Of Louisville,56
Children'S Hospital Los Angeles,56
Mayo Clinic,53
University Of Texas Medical Branch,52
Emory University School Of Medicine,52
Northwestern University,51
Thomas Jefferson University,48
Howard University College Of Medicine,48
University Of Kentucky,46
Cedars-Sinai Medical Center,46
University Of Iowa,45
Washington University,43
University Of South Florida College Of Medicine,43
Mcgovern Medical School At Uthealth,41
University Of California - Irvine,41
Fox Chase Cancer Center,40
Rush University Medical Center,40
Brown University School Of Medicine,38
Niigata University Graduate School Of Medical And Dental Sciences,38
Wright State University,38
University Of Pittsburgh Medical Center,37
University Of Tennessee Health Science Center,37
University Of Pittsburg,36
Virginia Commonwealth University,36
Nationwide Children'S Hospital,36
New York University School Of Medicine,35
Carolinas Medical Center,35
Moffitt Cancer Center And Research Institute,34
Loyola University Chicago Stritch School Of Medicine,34
Children'S Mercy Hospital- University Of Missouri Kansas City,33
Aga Khan University Medical College,33
Delray Medical Center,32
University Of Maryland,32
University Of Southern California,31
The Johns Hopkins University School Of Medicine,31
University Of Rochester,31
Stony Brook University Medical Center,30
Tulane University School Of Medicine,30
University Of Massachusetts Medical School,30
University Of Texas Md Anderson Cancer Center,30
University Of California - Davis,29
Mount Sinai School Of Medicine,28
University Of Minnesota,28
Wake Forest University School Of Medicine,27
University Of Nebraska College Of Medicine,27
Loyola University Medical Center,27
Case Western Reserve University School Of Medicine,27
University Of Vermont College Of Medicine / Fletcher Allen Health Care,27
Weill Cornell Medical College,27
University Of Wisconsin School Of Medicine And Public Health,26
State University Of New York At Buffalo,26
North Shore University And Long Island Jewish Medical Center,26
Penn State Hershey Medical Center,26
New Jersey Medical School,24
Tufts Medical Center,23
University Of Arkansas For Medical Sciences,23
University Of Toledo Medical Center,23
University Of Missouri,23
Georgetown University Medical Center,22
Saint Barnabas Medical Center,21
Boston University,21
Medical University Of South Carolina,21
Wayne State University,21
Geisinger Medical Center,21
University Of California,21
Drexel University College Of Medicine,20
University Of Michigan Medical School,20
Penn State University College Of Medicine,19
Texas Tech University Health Sciences Center,19
Children'S Hospital Colorado,19
University Of Oklahoma College Of Medicine,19
East Carolina University Brody School Of Medicine,19
The Ohio State University Wexner Medical Center,19
Cleveland Clinic,18
Ann & Robert H. Lurie Children'S Hospital Of Chicago,18
Michael E. Debakey Veterans Affairs Medical Center,18
University Of Illinois At Chicago,18
Dartmouth-Hitchcock Medical Center,17
George Washington University School Of Medicine And Health Sciences,17
Dartmouth Hitchcock Medical Center,17
Metrohealth Medical Center,17
Oregon Health And Science University,17
The Jikei University School Of Medicine,17
Louisiana State University Health Sciences Center,17
University Hospitals Cleveland Medical Center,17
Boston Children'S Hospital,16
University Of New Mexico Hsc,16
The Ohio State University,16
Stanford University School Of Medicine,16
Broward Health Medical Center,16
Mcgovern Medical School,15
St. Luke'S University Health Network,15
Cincinnati Children'S Hospital Medical Center,15
Cooper University Hospital,15
Florida Atlantic University,15
Icahn School Of Medicine At Mount Sinai,14
City Of Hope National Medical Center,14
State University Of New York Downstate Medical Center,14
Michigan State University,14
Grant Medical Center,14
University Of Texas Health Science Center At San Antonio,14
Medstar Washington Hospital Center,13
University Of South Alabama,13
Children'S Hospital Boston,13
Medstar Health Research Institute,13
University Of Nebraska Medical Center,12
Children'S Hospital Of Wisconsin,12
Department Of Surgery,12
Seattle Children'S Hospital,12
Ohiohealth Grant Medical Center,12
West Virginia University,12
Westchester Medical Center,12
New York Presbyterian Hospital,12
Boston Medical Center,12
University Of Kansas,12
University Of Alabama,12
Albany Medical College,12
Southern Illinois University School Of Medicine,12
Univeristy Of Tennessee Health Science Center,11
Eastern Virginia Medical School,11
National Cancer Institute,11
Temple University Hospital,11
University Of Toronto,11
Abington Memorial Hospital,11
University Of Colorado,11
Houston Methodist Hospital,11
Radboudumc,11
Rutgers New Jersey Medical School,11
University Of Miami Miller School Of Medicine,11
University Of Colorado School Of Medicine,10
Texas Heart Institute,10
Tokyo Medical And Dental University,10
University Of Miami Leonard M. Miller School Of Medicine,10
Madigan Army Medical Center,10
Boston University School Of Medicine,10
Creighton University Medical Center,10
University Of Washington,10
Emory University,10
John Hunter Hospital,10
Radboud University Medical Center,10
Guthrie Robert Packer Hospital,9
Harvard School Of Medicine,9
Laboratory For Fetal And Regenerative Biology,9
Rhode Island Hospital,9
Central Michigan University College Of Medicine,9
Columbia University College Of Physicians And Surgeons,9
University Of Tennessee Graduate School Of Medicine,9
University Of California San Francisco,9
Yale University,9
University Of Kansas Medical Center,9
University Of Cambridge,9
University Of Florida College Of Medicine,9
University Of Mississippi,8
Suny Downstate Medical Center,8
Northwestern University Feinberg School Of Medicine,8
Guthrie Clinic,8
Florida State University College Of Medicine,8
Brooke Army Medical Center,8
Perelman School Of Medicine,8
Marshall University School Of Medicine,8
Brown University,8
University Of South Florida Morsani College Of Medicine,8
Thomas Jefferson University Hospital,8
Johns Hopkins All Children'S Hospital,8
Moffitt Cancer Center,8
Saint Louis University School Of Medicine,8
University Of Alberta,8
Holy Cross Hospital,8
Sinai Hospital Of Baltimore,8
Maine Medical Center,8
San Joaquin General Hospital,7
Children'S Mercy Hospital,7
Lewis Katz School Of Medicine At Temple University,7
University Of Auckland,7
Inova Fairfax Hospital,7
Ann And Robert H. Lurie Children'S Hospital Of Chicago,7
Kobe University Graduate School Of Medicine,7
Children'S Memorial Hermann Hospital,7
Cancer Institute Of New Jersey,7
Donald And Barbara Zucker School Of Medicine At Hofstra/Northwell,7
Lehigh Valley Health Network,7
Kendall Regional Medical Center,7
Mayo Clinic - Florida,7
Robert Wood Johnson - Umdnj,7
Virginia Tech Carilion School Of Medicine,7
Scott & White Healthcare,7
Michigan Medicine,7
Price Institute Of Surgical Research,7
Ut Southwestern Medical Center,7
Nova Southeastern University,7
University Of North Carolina,7
Medical College Of Georgia,7
University Of Pittsburgh School Of Medicine,7
Indiana University,7
Henry Ford Health System,7
Montefiore Medical Center,7
Harbor-Ucla Medical Center,6
Duke University,6
Johns Hopkins University,6
Staten Island University Hospital,6
University Of Toledo,6
Denver Health Medical Center,6
East Tennessee State University,6
Anne Arundel Medical Center,6
Baystate Medical Center,6
Loma Linda University Children'S Hospital,6
Uniformed Services University Of The Health Sciences,6
Wright State University Boonshoft School Of Medicine,6
Henry Ford Hospital,6
The Feinstein Institute For Medical Research,6
Kings County Hospital Center,6
Women And Children'S Hospital Of Buffalo,6
University Of Louisville School Of Medicine,6
Mount Sinai Hospital,6
New York Medical College,6
Medstar Georgetown University Hospital,6
Yale School Of Medicine,6
Albert Einstein College Of Medicine,6
Washington Hospital Center,6
Brandon Regional Hospital,6
Uab,6
Washington University In St. Louis,6
Loma Linda University School Of Medicine,6
Johns Hopkins Hospital,6
Keio University School Of Medicine,5
University Of Tennessee Medical Center,5
Perelman School Of Medicine At The University Of Pennsylvania,5
University Of Alabama Birmingham,5
The Children'S Hospital Of Alabama,5
University Of Florida-Jacksonville,5
University Of Wisconsin-Madison,5
University Of Texas Rio Grande Valley School Of Medicine,5
National University Of Rwanda,5
Rice University,5
Brigham & Women'S Hospital,5
Crozer Chester Medical Center,5
Marshall University Schoool Of Medicine,5
Hackensack University Medical Center,5
University Of British Columbia,5
University Of Alabama At Birmingham School Of Medicine,5
Ohio State University Wexner Medical Center,5
Mcgill University,5
Children'S Medical Center,5
York Hospital,5
The Alfred Hospital,5
University Of Iowa Hospitals And Clinics,5
The University Of Alabama At Birmingham,5
Hagey Laboratory For Pediatric Regenerative Medicine,5
Naval Medical Center Portsmouth,5
Children'S Hospital Of Pittsburgh Of Upmc,5
Cohen Children'S Medical Center,5
Ohio State University Wexner Medical Center And James Comprehensive Cancer Center,4
The Ohio State Wexner Medical Center,4
Philadelphia College Of Osteopathic Medicine,4
Center For Surgery And Public Health,4
Hartford Hospital,4
Memorial Hermann Hospital,4
University Of Florida College Of Medicine Jacksonville,4
Harvard Medical School,4
Oakland University William Beaumont School Of Medicine,4
University Of Puerto Rico School Of Medicine,4
Aga Khan University Hospital,4
Geisel School Of Medicine At Dartmouth,4
Oregon Health And Sciences University,4
University Of California - San Francisco - East Bay,4
The University Of Arizona,4
Rutgers Robert Wood Johnson Medical School,4
University Of Rwanda,4
University Of California San Francisco - East Bay,4
Rutgers Cancer Institute Of New Jersey,4
Children'S Hospital Of Alabama,4
King Faisal Specialist Hospital & Research Center,4
The Feinstein Institutes For Medical Research,4
New York Presbyterian Brooklyn Methodist Hospital,4
Conemaugh Memorial Medical Center,4
John Peter Smith Hospital,4
University Of Arkansas,4
Texas Tech University Health Science Center,4
Texas Tech University Health Sciences,4
Jikei University School Of Medicine,4
University Of California San Diego,4
University Hospitals Case Medical Center,4
Penn Medicine Lancaster General Hospital,4
University Of Maryland Medical Center,4
Riley Hospital For Children,4
Imperial College London,4
Virginia Commonwealth University School Of Medicine,4
Mcgovern Medical School At The University Of Texas Health Science Center At Houston,4
St. George'S University School Of Medicine,4
Naval Medical Research Unit San Antonio,4
Penn Medicine Lancaster General Health,4
Henry Ford Health System/Wayne State University,4
Northwell Health,4
Mercer University School Of Medicine,4
Tufts University School Of Medicine,4
University Of Nevada School Of Medicine,4
University Of Tennessee Health Sciences Center,4
University Of Nevada,4
Ann & Robert H. Lurie Children'S Hospital,4
Ann And Robert H Lurie Children'S Hospital Of Chicago,4
Duke University School Of Medicine,4
Valley Children'S Hospital,4
Ascension Providence Hospital,4
Lenox Hill Hospital,4
Downstate Health Sciences University,4
Austin Health,4
The Mount Sinai Hospital,4
West Virginia University School Of Medicine,4
University Of Florida College Of Medicine- Jacksonville,4
University Hospital Cleveland Medical Center,4
Intermountain Medical Center,3
Harvard School Of Public Health,3
University Of Newcastle,3
Mayo Clinic In Arizona,3
Lac+Usc Medical Center,3
University Of New Mexico,3
Keio University,3
University Of Central Florida,3
Le Bonheur Children'S Hospital,3
University Of Colorado-Anschutz Medical Campus,3
University Of Colorado Anschutz Medical Campus,3
Hyogo College Of Medicine,3
Harbor Ucla Medical Center,3
University Of Maryland School Of Medicine,3
University Of Colorado Hospital,3
University Of Medicine And Dentistry Of New Jersey,3
University Of Colorado-Denver,3
University Of Calgary,3
University Of Alabama School Of Medicine,3
St. Christopher'S Hospital For Children,3
Warren Alpert Medical School Of Brown University,3
Walter Reed National Military Medical Center,3
St. Louis University,3
St. Jude Children'S Research Hospital,3
California Northstate University,3
Uc Davis,3
Virginia Commonwealth University School Of Medicine And Massey Cancer Center,3
Cardiovascular Outcomes Research Laboratories (Corelab),3
Carilion Clinic,3
Vilnius University,3
Washington University School Of Medicine,3
Penn State Health Milton S. Hershey Medical Center,3
Vanderbilt University,3
Rutgers,3
Children'S Hospital Of Philadelphia,3
Children'S Mercy Hospital - University Of Missouri Kansas City,3
Sidney Kimmel Medical College At Thomas Jefferson University,3
National Taiwan University Hospital,3
University Teaching Hospital Of Kigali,3
Nagasaki University,3
Brigham And Women�S Hospital,3
St. Mary'S Hospital,3
Mulago Hospital,3
Our Lady Of The Lake Regional Medical Center,3
Ohiohealth Doctors Hospital,3
Abington Jefferson Health,3
Adventhealth Orlando,3
Orlando Regional Medical Center,3
Ucsf East Bay,3
Albert Einstein Medical Center,3
Nova Southeastern University Dr. Kiran C. Patel College Of Allopathic Medicine,3
Allegheny General Hospital,3
Allegheny Health Network Cancer Institute,3
University At Buffalo Jacobs School Of Medicine And Biomedical Sciences,3
Stanford University Medical Center,3
University College London,3
Uc San Diego School Of Medicine,3
Stellenbosch University,3
Westmead Hospital,3
Northshore University Health System,3
University Hospital,3
Augusta University,3
Paracelsus Medical University,3
Baylor College Of Medicine & Texas Children'S Hospital,3
Cleveland Clinic Foundation,3
Kyushu University,3
David Geffen School Of Medicine At Ucla,3
Memorial Sloan-Kettering Cancer Center,3
The University Of Chicago,3
University Of California - Riverside,3
University Of Toledo College Of Medicine And Life Sciences,3
University Of Rochester Medical Center,3
Detroit Medical Center,3
Florida State University College Of Medicine/Sarasota Memorial Health Care System,3
Saint Louis University,3
University Of Texas At Southwestern,3
Georgetown University School Of Medicine,3
University Of South Florida,3
Eastern Hepatobiliary Surgery Hospital,3
Feinstein Institute For Medical Research,3
University Of South Florida Health Morsani College Of Medicine,3
Federal University Of Health Sciences Of Porto Alegre,3
University Of Sydney,3
University Of Tennessee College Of Medicine,3
George Washington University,3
Mercy Catholic Medical Center,3
The University Of Hong Kong,3
University Of Utah School Of Medicine,3
Morehouse School Of Medicine,3
The University Of Chicago Medicine,3
Mcgovern Medical School At Uthealth And Children�S Memorial Hermann Hospital,3
Concord Repatriation General Hospital,3
University Of Vermont Medical Center,3
University Of Virginia Health System,3
University Of Virginia School Of Medicine,3
Mccormick School Of Engineering,2
Parkland Health And Hospital System,2
Nippon Medical School,2
Papageorgiou General Hospital,2
Mcgovern�Medical�School,2
Mcmaster University,2
University Of California Los Angeles,2
University Of Florida College Of Medicine - Jacksonville,2
Ucsf Benioff Children'S Hospital Oakland,2
Northshore University Healthsystem,2
Qilu Hospital Of Shandong University,2
Larkin Community Hospital,2
Northwell Health At Staten Island University Hospital,2
Providence Hospital And Medical Centers,2
Universidade Federal De Ci�Ncias Da Sa�De De Porto Alegre,2
University Of California At Los Angeles,2
Nuvance Health,2
University At Buffalo,2
Morristown Medical Center,2
Louisiana State University Health Sciences Center - Shreveport,2
University Hospital Waterford,2
University Of Arkansas For Medical Sciences (Uams),2
Nemours Children�S Hospital,2
Nemours Children'S Hospital,2
University Of Chicago Pritzker School Of Medicine,2
Nemours Children Hospital,2
Naval Medical Center San Diego,2
Lsu Health Shreveport,2
National Institutes Of Health,2
Meritus,2
Primary Children'S Hospital,2
University Of Arizona College Of Medicine,2
Nagoya University Graduate School Of Medicine,2
Nagoya University,2
Montefiore Medical Center/Albert Einstein College Of Medicine,2
Makerere University,2
Monash University,2
New York Methodist Hospital,2
University Of Colorado Denver School Of Medicine And Children'S Hospital Colorado,2
University Of Buffalo,2
Midwestern University,2
University Of Central Florida College Of Medicine,2
Louisiana State University Health Sciences Center-Shreveport,2
New York Presbyterian Queens,2
University Hospitals Cleveland Medical Center And Case Western Reserve University School Of Medicine,2
Michael E. Debakey Va Medical Center,2
New York University,2
Metropolitan Hospital Center,2
Louisiana State University Health Sciences Center Shreveport,2
Marian University College Of Osteopathic Medicine,2
Methodist Hospital,2
University Hospitals Cleveland,2
Newyork-Presbyterian Brooklyn Methodist Hospital,2
Mcgovern Medical School At Ut Health,2
Tecnologico De Monterrey,2
Komfo Anokye Teaching Hospital,2
Children�S Memorial Hermann Hospital,2
Connecticut Burn Center,2
Coney Island Hospital,2
Compa�Eros En Salud,2
Sapienza University Of Rome,2
Columbia University,2
Cohen Children'S Medical Center At Northwell Health,2
The Feinstein Institute For Medical Research At Northwell Health,2
Sheba Medical Center,2
Upmc Mercy,2
University Of Vermont College Of Medicine,2
The Children'S Hospital Of Philadelphia,2
The Cancer Institute Of New Jersey,2
Shriners Hospitals For Children-Boston,2
The Brookdale University Hospital And Medical Center,2
Va Boston Healthcare System,2
Children Hospital Of Illinois / Osf Saint Francis Medical Center,2
Chiba Rosai Hospital,2
Cheikh Anta Diop University,2
Cooper Medical School Of Rowan University,2
Dartmouth College,2
Firefighters� Burn And Surgical Research Laboratory,2
The Ohio State University College Of Medicine,2
Rutgers-New Jersey Medical School,2
Rutgers-Robert Wood Johnson Medical School,2
Rwanda Military Hospital,2
Erie County Medical Center,2
University Of Tennessee Chattanooga,2
Sacramento Veterans Affairs Medical Center,2
Saint Agnes Hospital,2
East Tennessee State University College Of Medicine,2
Drexel University,2
Dartmouth Medical School,2
Dow University Of Health Sciences,2
Digestive Health Institute,2
University Of Texas Southwestern,2
University Of Florida College Of Medicine-Jacksonville,2
The Medical University Of South Carolina,2
University Of The Witwatersrand,2
Department Of Emergency Medicine,2
University Of Utah Health,2
Valley Health System / Mcallen Medical Center,2
Vanderbilt University School Of Medicine,2
Southern Illinois University,2
Stroger Hospital Of Cook County,2
Ariadne Labs,2
Ann & Robert H. Lurie Children�S Hospital Of Chicago,2
Ann & Robert H Lurie Children'S Hospital Of Chicago,2
Steward Easton Hospital,2
Stony Brook University,2
All India Institute Of Medical Sciences,2
All Children'S Hospital Johns Hopkins Medicine,2
Alfred Hospital,2
Albany Medical Center,2
Center For Surgical Outcomes Research,2
Xijing Hospital,2
Suny Downstate Health Sciences University,2
Ahmadu Bello University,2
Yale New Haven Hospital,2
Adventhealth Tampa,2
Suny Upstate Medical University,2
Abrazo Central Hospital,2
Zhongshan Hospital Fudan University,2
Arkansas Children'S Hospital,2
William Beaumont Army Medical Center,2
Western University Of Health Sciences,2
Western Michigan University Homer Stryker Md School Of Medicine,2
Center For Fetal Cellular And Molecular Therapy,2
Case Western Reserve University,2
Texas Tech University Health Sciences Center El Paso,2
Cambridge University Hospitals Nhs Foundation Trust,2
Vu University Medical Center,2
Texas Tech University Health Science Center School Of Medicine,2
Texas Tech University,2
Birmingham Veteran'S Affairs Medical Center,2
Beaumont Health System Research Institute,2
Baylor University,2
Texas Children'S Hospital And Baylor College Of Medicine,2
State University Of New York,2
State University Of New York Downstate,2
Augusta University Medical Center,2
State University Of New York Upstate Medical University,2
Western Michigan University,2
Western Michigan University Homer Stryker M.D. School Of Medicine,2
University Of South Florida Health,2
University Of Otago,2
University Of Miami - Miller School Of Medicine,2
Robert Wood Johnson University Hospital,2
Johns Hopkins University School Of Public Health,2
University Of Hawaii,2
Hca Healthcare/Usf Morsani College Of Medicine Gme: Regional Medical Center Bayonet Point,2
University Of Michigan Hospital,2
Radboud University Nijmegen Medical Center,2
Hca/Usf Regional Medical Center Bayonet Point,2
Hofstra Northwell School Of Medicine,2
University Of Illinois,2
Kaweah Delta Medical Center,2
Karolinska Institutet,2
Roswell Park Comprehensive Cancer Center,2
Renaissance School Of Medicine At Stony Brook University,2
The University Of Tennessee Health Science Center,2
John R. Oishei Children'S Hospital,2
University Of Missouri Kansas City School Of Medicine,2
University Of Missouri Kansas City,2
Roger Williams Medical Center,2
The University Of Tennessee Medical Center At Knoxville,2
Kansas City University,2
Hospital Universitario Calixto Garc�A,2
Hospital Universitario San Ignacio,2
Reading Hospital,2
Florida Hospital,2
Hospitals Insurance Company,2
University Of Michigan Medicine,2
University Of Iowa Hospitals & Clinics,2
University Of North Carolina At Charlotte,2
Royal North Shore Hospital,2
University Of Georgia,2
Hyogo Emergency Medical Center,2
Florida Hospital Tampa,2
University Of Medicine (1),2
Inspira Health Network,2
Geisinger,2
Geisinger Health System,2
King'S College Hospital Nhs Foundation Trust,2
Jefferson Univeristy Hospital,2
Georgetown University,2
The University Of Texas Health Science Center At Houston,2
Harbor-University Of California Los Angeles Medical Center,2
The University Of Kansas Medical Center,2
Grady Memorial Hospital,2
John H. Stroger,2
University Of Michigan Health System,2
Harbor-Ucla,2
University Of Oklahoma Health Science Center,2
University Of Florida- Jacksonville,2
University Of Oklahoma Health Sciences Center,2
University Of Ottawa,2
Ohta Nishinouchi General Hospital,2
The University Of Melbourne,2
Guangdong Provincial Hospital Of Chinese Medicine,2
Guangdong Hospital Of Tcm,2
Houston Methodist,2
Toranomon Hospital,1
The University Of Tokyo,1
Toronto Western Hospital,1
The University Of Texas Rio Grande Valley,1
The University Of Toledo College Of Medicine,1
Texas Children�S Hospital - Fetal Center,1
The Research Institute At Nationwide Children'S Hospital,1
Texas A&M University,1
Ucla And Harbor-Ucla,1
Tecnol�Gico De Monterrey,1
Teikyo University Hospital Trauma And Resuscitation Center,1
Thomas E. Starzl Transplantation Institute,1
Unc,1
Temple University Health System,1
Thomas E. Starzl Transplantation Institure,1
Umass Chan Medical School-Baystate,1
Umass Chan Medical School- Baystate,1
Uf Health Shands Hospital,1
The Warren Alpert Medical School Of Brown University,1
Ucsf Fresno,1
Uc San Diego,1
The University Of Vermont Medical Center,1
Temple University School Of Medicine,1
Tetteh Quarshie Memorial Hospital,1
Tokyo Metropolitan Cancer And Infectious Diseases Center Komagome Hospital,1
The University Of Toledo Medical Center,1
Ucsf,1
Ucla Fielding School Of Public Health,1
Tokyo Medical University Hospital,1
Uab Heersink School Of Medicine,1
The University Of Texas Medical Branch At Galveston,1
The Medical Center Navicent Health,1
The First Affiliated Hospital Of China Medical University,1
The George Washington University,1
The Hospital Of The University Of Pennsylvania,1
The University Of Sydney,1
The Jike University School Of Medicine,1
Tulane University,1
Tufts University Medical School,1
The University Of Oklahoma School Of Community Medicine,1
The University Of Oklahoma,1
The University Of North Carolina,1
Texas Tech Health Science Center School Of Medicine,1
Tufts University School Of Medicine-Maine Medical Center,1
The Ohio State University Medical Center,1
The Ohio State University Wexner Medical Center And James Cancer Hospital,1
The Ohio State University Wexner Medical Center And James Cancer Hospital And Solove Research Institute,1
Tufts University School Of Medicine - Maine Medical Center,1
The Ohio State University Wexner Medical Center And James Comprehensive Cancer Center,1
The Univeristy Of Texas Health Science Center At Houston,1
The Royal Wolverhampton Hospitals Nhs Trust,1
The Ohio State University Wexner Medical Center And Ross Heart Hospital,1
The Feinstein Institutes For Medical Research At Northwell Health,1
Tufts University,1
The College Of Surgeons Of East,1
Tsinghua University,1
Texas Tech Health Sciences Center,1
The University Of Texas Medical Branch,1
The University Of Texas Md Anderson Cancer Center,1
Texas Tech University Health Sciences Center At El Paso,1
Texas Tech University Health Sciences Center In El Paso,1
Texas Tech University Health Sciences Center In El Paso Paul L. Foster School Of Medicine,1
Texas Tech University School Of Medicine,1
Uab School Of Medicine,1
The Aga Khan University Hospital,1
The Aga Khan University Hospital Karachi,1
Touro University,1
The Alfred,1
Transplant Center,1
Trinity College Dublin,1
Tripler Army Medical Center,1
The American British Cowdray Medical Center,1
The Austin Hospital,1
The Brookdale Hospital And Medical Center,1
The Burn Center,1
The Miriam Hospital In Rhode Island,1
 Vilnius University,1
Uniformed Services University Of The Health Sciences & The Walter Reed National Military Medical Center,1
Upstate University Hospital- Downtown Campus,1
University Of Wisconsin Madison School Of Medicine And Public Health,1
University Of Wisconsin-Hospital & Clinics,1
University Of Wiscosin,1
University Radiology At Robert Wood Johnson,1
University Southern California,1
Universit� Catholique De Louvain,1
Unversity Of Kansas Medical Center,1
Upmc,1
Upmc Children'S Hospital Of Pittsburgh,1
Upstate Medical University,1
Usc,1
University Of Wisconsin - Madison,1
Ut Health San Antonio,1
Ut Houston-Memorial Hermann,1
Uthsc Com Chattanooga,1
Utmb,1
Utrgv School Of Medicine,1
Uvm Medical Center,1
Va Hsr&D Center For Innovations In Quality,1
Va New Jersey Healthcare System,1
Va North Texas Health Care System,1
Valley Health System,1
University Of Wisconsin Hospital And Clinics,1
University Of Wi School Of Medicine And Public Health,1
Vassar Brothers Medical Center,1
University Of Texas At Austin Dell Medical School,1
University Of South Dakota,1
University Of Szeged,1
University Of Tennesse Health Sciences,1
University Of Tennessee,1
University Of Tennessee At Chattanooga,1
University Of Tennessee Health Science Center (Uthsc),1
University Of Tennessee Knoxville,1
University Of Tennessee Medical Canter At Knoxville,1
University Of Tennessee Medical Center - Knoxville,1
University Of Texas At Austin,1
University Of Texas Austin Dell Medical School,1
University Of Vermont Larner College Of Medicine,1
University Of Texas Health San Antonio,1
University Of Texas Medical School At Houston,1
University Of Texas Rio Grande Valley,1
University Of Texas Rio Grande Valley School Of Medicine/ Ut Health Rio Grande Valley,1
University Of Texas Southwestern - Austin,1
University Of Texas Southwestern Medical Center At Dallas,1
University Of The Incarnate Word,1
University Of The Incarnate Word School Of Osteopathic Medicine,1
University Of Utah Health Sciences,1
University Of Vermont,1
Valley Heart And Vascular Institute,1
Vcu Medical Center,1
Uniformed Services University Of The Health Sciences And Walter Reed National Military Medical Center,1
Wolfson Children'S Hospital,1
West Virginia University/Charleston Division,1
Westchester Medical Center / New York Medical College,1
Westchester Medical Center University Hospital,1
Western Michigan Homer Stryker School Of Medicine,1
Western Michigan Universty Homer Stryker Md School Of Medicine,1
White River Junction Va Medical Center,1
William Beaumont Hospital,1
William S. Middleton Va Memorial Hospital,1
Willis-Knighton Medical Center,1
Winship Cancer Institute,1
Women And Children�S Hospital Of Buffalo,1
West China School Of Medicine/West China Hospital,1
World Health Organization,1
Xi'An Jiaotong University Second Affiliated Hospital,1
Xijing Hosiptal,1
Yale New Haven Health,1
Yale School Of Public Health,1
Yokohama City University,1
Yokohama City University Medical Center,1
Ysbyty Gwynedd Hospital,1
Zhongshan Hospital Of Fudan University,1
Zhongshsn Hospital Of Fudan University,1
West Haven Va Medical Center,1
West China Hospital Of Sichuan University,1
Veterans Affair Medical Center,1
Wakamatsu Hospital Of University Of Occupational And Environmental Health,1
Veterans Affairs Medical Center,1
Veterans Affairs New Jersey Health Care System,1
"Vilnius University Hospital ""Santaros Klinikos""",1
Virginai Tech Carilion School Of Medicine,1
Virginia Commonwealth University Health System,1
Virginia Commonwealth University Medical Center,1
Virginia Hospital Center,1
Virginia Polytechnic Institute And State University,1
Virginia Tech,1
Virginia Tech Carilion School Of Medicine And Research Institute,1
Wake Forest Baptist Health,1
Wellstar Atlanta Medical Center,1
Wake Forest School Of Medicine,1
Wake Forest University,1
Wakemed Health & Hospitals,1
Walter Reed Army Medical Center,1
Washington University In Saint Louis,1
Washington University In St. Louis School Of Medicine,1
Weill Corenll Medicine,1
Weill Cornell Medicine,1
Weill Cornell Medicine / New York Presbyterian Hospital,1
Wellspan York Hospital,1
University Of South Carolina,1
University Of South Alabama Medical Center,1
University Of South Alabama College Of Medicine,1
University Of California San Francsco - East Bay,1
University Of Alabama-Birmingham,1
University Of Arizona College Of Medicine- Phoenix,1
University Of Arizona Medical Center,1
University Of Arkansas For Medical Science,1
University Of California - Berkeley,1
University Of California - Berkeley / University Of California - San Francisco,1
University Of California - San Francisco ,1
University Of California Davis Medical Center,1
University Of California Irvine,1
University Of California Riverside,1
University Of Central Florida/Hca Consortium Ocala,1
University Of Alabama At Birmingham Heersink School Of Medicine,1
University Of Central Florida/Hospital Corporation Of America,1
University Of Chicago Medicine,1
University Of Cincinnati College Of Medicine,1
University Of Cincinnati Medical College,1
University Of Cincinnati Medical School,1
University Of Colorado - Denver,1
University Of Colorado Anschtuz Medical Campus,1
University Of Colorado Anschutz Medical Center,1
University Of Colorado School Of Medicine - Children'S Hospital Colorado,1
University Of Colorado School Of Medicne,1
University Of Alabama At Birmingham Medical Center,1
University Of Alabama At Birmingham Department Of Surgery,1
University Of Sao Paulo,1
Universitt Catholique De Louvain,1
Univeristy Of Virginia,1
Universidad Cat�Lica Argentina,1
Universidad Ces,1
Universidad De Antioquia,1
Universidad De La Sabana,1
Universidad Industrial De Santander,1
Universidad Nacional De Trujillo,1
Universidad Peruana Cayetano Heredia,1
Universidade De S&Atilde;O Paulo,1
Universidade De S�O Paulo,1
University At Buffalo School Of Medicine And Biomedical Sciences,1
University Of Alabama - Birmingham,1
University Cheikh Anta Diop And Grand Yoff General Hospital,1
University College Hospital Galway,1
University Health Network,1
University Hospital Galway,1
University Hospital Ibn Sina Um5,1
University Hospital Limerick,1
University Hospital Zurich,1
University Hospitals,1
University Hospitials,1
University Of Abuja-Teaching Hospital,1
University Of Connecticut,1
University Of Connecticut School Of Medicine,1
University Of Delaware,1
University Of Oklahoma School Of Community Medicine,1
University Of Mississippi Medical Center,1
University Of Missouri - Kansas City School Of Medicine,1
University Of Modena And Reggio Emilia,1
University Of Nebraska,1
University Of Nebraska Medical School,1
University Of Nevada Las Vegas School Of Medicine,1
University Of Nigeria,1
University Of North Dakota School Of Medicine And Health Sciences,1
University Of Oklahoma,1
University Of Oklahoma - Tulsa,1
University Of Oxford,1
University Of Flordia College Of Medicine,1
University Of Pennsvlvania,1
University Of Pennsylvania - Perelman School Of Medicine,1
University Of Pennsylvania Health System,1
University Of Pennsylvania Perelman School Of Medicine,1
University Of Pennsylvania School Of Medicine,1
University Of Pittsburg Medical Center,1
University Of Port Harcourt,1
University Of Rochester Medical Center - Strong Memorial Hospital,1
University Of Rochester School Of Medicine & Dentistry,1
University Of Rochester School Of Medicine And Dentistry,1
University Of Michigan Medical Center,1
University Of Miami/Holy Cross Health,1
University Of Miami-Miller School Of Medicine,1
University Of Miami- Miller School Of Medicine,1
University Of Florida College Of Medicine - Gainesville,1
University Of Florida Com-Jacksonville,1
University Of Florida Health,1
University Of Florida Jacksonville,1
University Of Florida School Of Medicine,1
University Of Global Health Equity,1
University Of Health Sciences Of Porto Alegre,1
University Of Houston,1
University Of Illinois College Of Medicine - Peoria,1
University Of Illinois College Of Medicine At Peoria,1
University Of Incarnate Word,1
Tawam Hospital,1
University Of Kansas School Of Medicine,1
University Of Kwazulu-Natal,1
University Of Lagos,1
University Of Manitoba,1
University Of Maryland R A Cowley Shock Trauma Center,1
University Of Massachusetts,1
University Of Medicine 1,1
University Of Miami Miller School Of Medicine - Holy Cross,1
University Of Miami Miller School Of Medicine/ Jackson Memorial Hospital,1
University Of Kansas Health System,1
Ouhsc,1
Targeted And Biological Therapies Group,1
Feinstein Institutes For Medical Research,1
Emory University Hospital,1
Emory University Rollins School Of Public Health,1
Emory Univesity School Of Medicine,1
Epsom And St Helier University Hospitals Nhs Trust,1
Faculdade De Medicina Da Universidade Federal De Minas Gerais,1
Faculty Of Health Sciences,1
Faculty Of Medical Sciences,1
Faculty Of Medicine,1
Federal Ministry Of Health,1
Federal University Of Health Sciences Of Porto Alegre (Ufcspa),1
Federal University Of Parana,1
Federal University Of Rio Grande Do Norte (Ufrn),1
Feinstein Institute For Molecular Medicine,1
Feinstein Institute Of Medical Research,1
Firefighter'S Burn And Surgical Research Laboratory,1
Global Surgery Student Alliance (Gssa),1
Firefighters' Burn And Surgical Research Laboratory,1
First Affiliated Hospital Of China Medical University,1
Florida International University,1
Forbes Regional Hospital,1
Fordham University,1
Frank H. Netter Md School Of Medicine,1
Froedtert Hospital,1
Froedtert Memorial Lutheran Hospital,1
Fukushima Medical University School Of Medicine,1
Fuwai Hospital,1
Galway Clinic,1
Geisinger Surgery Institute,1
General University Hospital Gregorio Mara��N,1
George Mason University,1
Emergency & Critical Care Medicine,1
Elmhurst Hospital Center,1
Elmezzi Graduate School Of Molecular Medicine,1
Elective Medical Student,1
Dartmouth Hitchcock,1
Dartmouth-Hitchcock,1
Dartmouth-Hitchock Medical Center,1
David Geffen School Of Medicine At University Of California Los Angeles,1
Dayanand Medical College & Hospital,1
Denis And Lenora Foretia Foundation,1
Department Of Cardiovascular Surgery,1
Department Of Hepatobiliary Surgery And Institute Of Advanced Surgical Technology And Engineering,1
Department Of Pediatric Surgery,1
Department Of Plastic And Reconstructive Surgery,1
Department Of Surgery Harvard Medical School,1
Department Of Veterans Affairs Medical Center,1
Dept. Of Otorhinolaryngology,1
Derby Hospitals Nhs Foundation Trust,1
Division Of Child And Adolescent Health,1
Division Of Surgical Oncology,1
Divisions Of Pediatric Surgery And Surgical Research,1
Donald & Barbara Zucker School Of Medicine At Hofstra/Northwell,1
Drexel University/Hahnemann University Hospital,1
Durham Veterans Affairs Medical Center,1
East Carolina University,1
East Hospital,1
East Tennesse State University,1
East Tennessee State University - Quillen College Of Medicine,1
East Texas Medical Center,1
Edward Via College Of Osteopathic Medicine,1
Einstein Healthcare Network,1
Einstein Medical Center,1
Einstein Medical Center Philadelphia,1
Georgetown University Law Center,1
Graduate Institute Of Anatomy And Cell Biology,1
John H Stroger Jr Hospital Of Cook County,1
Institute For Health Policy And Innovation,1
Hospital Of Hope,1
Hospital Pedro De Bethancourt,1
"Hospital Universitario ""General Calixto-Garcia""",1
Houston Methodist Hospital And Research Institute,1
Houston Methodist Research Institute,1
Howard Hughes Medical Institute,1
Howard University,1
Hunter Medical Research Institute,1
Hunter New England Health,1
Huntington Hospital/Northwell Health,1
Huntsman Cancer Institute At The University Of Utah,1
Ichihara Hospital,1
Imperial College,1
Imperial College Healthcare Nhs Trust,1
Institute Of Clinical Medicine,1
Grady Hospital,1
Instituto Nacional De Cancerologia,1
Instituto Nacional De Cancerolog�A,1
Instituto Tecnol�Gico Y De Estudios Superiores De Monterrey,1
Intermountain Primary Children'S Hospital,1
Iu School Of Medicine,1
Jacobs School Of Medicine And Biomedical Sciences,1
Jamaica Hospital Medical Center,1
James Cook University,1
James Madison University,1
Japanese Red Cross Maebashi Hospital,1
Jawaharlal Institute Of Postgraduate Medical Education And Research,1
Jellison Cancer Institute/ Florida State University College Of Medicine,1
Jesse Brown Va Medical Center,1
Joe Dimaggio Children'S Hospital,1
Hospital Jose Maria Cabral Y Baez,1
Hospital Erasto Gaertner - Federal University Of Parana,1
Hospital Episcopal San Lucas,1
Hospital Das Cl�Nicas Da Universidade Federal De Minas Gerais,1
Grant Medical Center/Ohio University Heritage College Of Medicine,1
Great Ormond Street Institute Of Child Health,1
Griffith University,1
Groote Schuur Hospital,1
Guangdong Hospital Of Traditional Chinese Medicine,1
Gundersen Health System,1
Guobin Chen,1
Guthrie / Robert Packer Hospital,1
Guy'S & St Thomas' Nhs Foundation Trust,1
Hadassah-Hebrew University Medical Center,1
Hahnemann University Hospital,1
Hahnemann University Hospital/Drexel University College Of Medicine,1
Harbor- Ucla,1
Harlem Hospital,1
Harvard Beth Israel Deaconess Medical Center,1
Harvard Medical School And Harvard T. H. Chan School Of Public Health. Brigham And Women'S Hospital,1
Harvard Medical School. Brigham And Women'S Hospital,1
Harvard T.H. Chan School Of Public Health,1
Hatton Research Institute,1
Hca,1
Hca Healthcare/Usf Morsani College Of Medicine Gme,1
Hca/Usf/Regional Medical Center Bayonet Point,1
Hepatobiliary And Pancreatic Unit Hospital Pablo Tob=N Uribe (Hptu) ,1
Highland Hospital,1
Hofstra-Northwell School Of Medicine,1
Hoftstra Northwell School Of Medicine,1
Hokkaido University,1
Honorary,1
Hornepayne General Hospital,1
Dartmouth Cancer Center,1
Dalhousie University,1
Cuny School Of Medicine,1
Baylor Univeristy Medical Center,1
Augusa State University,1
Augusta University At The Medical College Of Georgia,1
Austin Hospital,1
Banner University Medical Center - Tucson - Banner Health,1
Banner University Medical Center- Phoenix,1
Banner University Medical Center/ University Of Arizona,1
Banner- University Of Arizona,1
Banner- University Of Arizona Medical Center,1
Banner-University Of Arizona,1
Bassett Medical Center,1
Baylor College Of Medicine / Michael E. Debakey Va Medical Center,1
Baylor College Of Medicine And Texas Childrens Hospital,1
Baylor Scott & White Medical Center-Temple,1
Baylor St. Lukes Medical Center,1
Baylor University Medical Center,1
Crozer-Keystone Medical Center,1
Beaumont Health,1
Beth Israel Deconess Medical Center,1
Beth Israel Lahey Hospital,1
Bethany Kids At Aic Kijabe Hospital,1
Biolife4D,1
Birmingham Va Medical Center,1
Boston University Medical Center,1
Brigham Young University,1
Brighton And Sussex University Hospitals Nhs Trust,1
Bronx Care (Lebanon) Hospital,1
Bronx- Lebanon Hospital Center,1
Brooklyn Hospital Center,1
Brookwood Baptist Health System,1
Broward Health,1
Auckland City Hospital,1
Atrium Health Wake Forest Baptist Health,1
Atrium Health Navicent,1
Ascension St. Vincent Hospital,1
A T Still University,1
A.T. Still University,1
Abilene Christian University,1
Abington Hospital,1
Academic Medical Center,1
Addenbrooke�S Hospital,1
Addis Ababa University,1
Advent Health Orlando,1
Adventhealth Cancer Institute,1
Advocate Lutheran General Hospital,1
Affiliated Zhongda Hospital,1
Aga Khan University Hospital Karachi,1
Air Force Institute Of Technology,1
Akron General Medical Center,1
Albert Einstein College Of Medicine / Montefiore Medical Center,1
Albert Einstein College Of Medicine And Montefiore Medical Center,1
Alfred Health,1
Allegheny Health Network,1
Alpert Medical School Of Brown University,1
American Academy Of Pediatrics Section On Surgey,1
Amsterdamumc,1
An-Najah University,1
Ankara University Faculty Of Medicine,1
Ankara Yildirim Beyazit University,1
Ann And Robert H. Lurie Children'S Hospital,1
Arnot Ogden Medical Center,1
Asahi General Hospital,1
Ascension Providence,1
Ascension Saint Agnes Healthcare,1
Brown University - Rhode Island Hospital,1
Brown University / Rhode Island Hospital,1
Brown University Medical School/Rhode Island Hospital,1
Children'S Medical Center Dallas,1
Children'S Mercy Hospital-University Of Missouri Kansas City,1
Children'S Mercy Kansas City,1
Children'S National Health System,1
Children'S National Medical Center,1
Childrens Hospital Colorado/University Of Colorado School Of Medicine,1
Childrens Hospital Of Los Angeles,1
Children�S Hospital Of Pittsburgh Of Upmc,1
Chittagong Medical College Hospital,1
Christian Medical College,1
Cinch Valley Medical Center,1
Cincinnati Children'S Hospital Medical Center (Cchmc),1
Cincinnati Childrens Hospital And Medical Center,1
Cincinnati Childrens'S Hospital Medical Center,1
City Of Hope Comprehensive Cancer Center,1
City University Of New York,1
Clement J Zablocki Veterans Affairs Medical Center,1
Cmc Hospital,1
Cohen Children'S Hospital,1
Cold Spring Harbor Laboratory,1
College Of Medicine And Allied Health Sciences,1
Columbia University Irving Medical Center,1
Compan�Eros En Salud,1
Concord Hospital,1
Consulente Policlinico San Pietro,1
Cook County Health,1
Cook County Health And Hospitals System,1
Copenhagen University Hospital,1
Creighton University,1
Crown Princess Mary Cancer Centre,1
Children'S Mercy Hospital And Clinics,1
Children'S Hospital Of Pittsburgh,1
C.S. Mott Children'S Hospital,1
Children'S Hospital Of Michigan,1
C.S.Mott Children'S Hospital,1
California Northstate University College Of Medicine,1
California Northstate University College Of Pharmacy,1
Cambridge University Medical School,1
Cancer Institute Hospital,1
Cardinal Glennon Children'S Hospital,1
Cardinal Glennon Children�S Medical Center,1
Cardiovascular Outcomes Research Laboratories (Corelab) At University Of California,1
Carle Foundation Hospital,1
Carnegie Mellon University,1
Carolinas Healthcare System,1
Cedars-Sinai,1
Center For Fetal And Placental Research,1
Center For Global Surgical Studies,1
Center For Innovations In Quality,1
Center For Perinatal Research,1
Center For Translational Injury Research,1
Center Of Advanced Surgical Oncology,1
Centre For Biomedical Technologies,1
Centre Hospitalier De L'Universit� De Montr�Al,1
Centro Mtdico Abc,1
Chandler Regional Medical Center,1
Chang Gung Memorial Hospital,1
Chicago Medical School - Rosalind Franklin University Of Medicine And Science,1
Chicago Medical School At Rosalind Franklin University,1
Children Mercy'S Hospital,1
Children'S Hospital At Oklahoma University Medicine,1
Children'S Hospital Los Angeles/The Saban Research Institute,1
Children'S Hospital Of Los Angeles,1
John D. Dingell Va Medical Center,1
John Wayne Cancer Institute/Providence St. John'S Medical Center,1
Taipei Medical University - Shuang Ho Hospital,1
Rady Children'S Hospital - San Diego,1
Price Institue Of Surgical Research,1
Price Institute Of Of Surgical Research And The Section Of Colorectal Surgery,1
Price Institute Of Surgical Research And The Section Of Colorectal Surgery,1
Primary Childrens Hospital,1
Prince Of Wales Hospital,1
Pritzker School Of Medicine At The University Of Chicago,1
Program In Global Surgery And Social Change-Harvard Medical School,1
Qassim University,1
Queen Elizabeth Central Hospital,1
Queen Elizabeth University Hospital,1
Queen Mary,1
R Adams Cowley Shock Trauma Center,1
Rabin Medical Center,1
Rady Children'S Hospital,1
Rady Children'S Hospital/ Uc San Diego,1
Rutgers New Jersey Medical School/ University Hospital,1
Red Duke Trauma Institute,1
Richmond Hill Urology And Prostate Institute,1
Richmond Hill Urology Practice & Prostate Institute,1
Rigshospitalet,1
Riverside University Health System,1
Robert H. Lurie Comprehensive Cancer Center,1
Rocky Vista University,1
Rosalind Franklin University Of Medicine And Science,1
Royal Free Hospital Nhs Foundation Trust,1
Royal Prince Alfred Hospital,1
Russells Hall Hospital,1
Rutgers - New Jersey Medical School,1
Rutgers - Njms,1
Rutgers - Robert Wood Johnson Medical School,1
Pontificia Universidad Javeriana - Hospital Universitario San Ignacio,1
Plastic And Reconstructive Surgery Department,1
Physis Group,1
Physiotherapy Dept. Health Sciences,1
Ochsner Lsu Health Sciences Center,1
Ochsner Lsu Health Shreveport,1
Ohio State University Wexner Medical Center And James Comprehensive Center,1
Ohio University,1
Ohio University Heritage College Of Osteopathic Medicine,1
Ohiohealth/Grant Medical Center,1
Okayama University Graduate School Of Medicine,1
Okinawa Chubu Hospital,1
Oklahoma Children'S Hospital,1
Ontario Telemedicine Network (Otn),1
Oregon Health & Science University,1
Osaka Saiseikai-Noe Hospital,1
Osaka University,1
1Stroger Hospital Of Cook County,1
Pacific Northwest University Of Health Sciences,1
Palmetto General Hospital,1
Palmetto General Hospital- Center For Advanced Surgical Oncology,1
Panzi Hospital,1
Partners In Health Mexico,1
Penn State Children'S Hospital,1
Penn State Health Hershey Medical Center,1
Penn State Health Milton S Hershey Medical Center,1
Penn State Milton S. Hershey Medical Center,1
Pennington Biomedical Research Center,1
Pennstate Health Milton S. Hershey Medical Center,1
Pennsylvania State University College Of Medicine,1
Perelman School Of Medicine At University Of Pennsylvania,1
Phoenix Children'S Hospital,1
Physicians For Peace,1
Rutgers Health New Jersey Medical School,1
Rutgers New Jersey Medical School/University Hospital,1
Johns Hopkins,1
St. Luke'S Hospital Plaza- Kansas City,1
Sky Ridge Medical Center,1
Sociedad Quir�Rgica S.C. At The American British Cowdray Medical Center,1
Socios En Salud,1
Soroti Regional Referral Hospital,1
South Central Regional Medical Center,1
Southside Hospital / Northwell Health,1
Ssm Cardinal Glennon Children'S Hospital,1
St Agnes Hospital,1
St Jude Children�S Research Hospital,1
St Luke'S University Health Network,1
St. John'S University College Of Pharmacy And Health Sciences,1
St. Joseph Mercy Ann Arbor,1
St. Joseph'S Mercy Hospital,1
St. Joseph'S University Medical Center,1
St. Luke'S Roosevelt Hospital Center,1
Rutgers Robert Wood Johnson,1
St. Luke'S University Hospital,1
St. Lukes University Health Network,1
St. Luke�S University Health Network,1
Stanford Medicine,1
Stanford School Of Medicine And Palo Alto Va Hcs,1
State University Of Haiti,1
Staten Island University Hospital-Northwell Health,1
Steven And Alexandra Cohen Children'S Medical Center,1
Stony Brook University Hospital,1
Stratus Center For Medical Simulation,1
Sunnybrook Health Sciences Centre,1
Surgical Outcomes And Quality Improvement Center (Soqic),1
Swedish Medical Center,1
Sylvester Cancer Center,1
Sinai Hospital,1
Simpson Querrey Institute For Bionanotechnology,1
Shock Trauma Center At University Of Maryland,1
Shizuoka Children'S Hospital,1
Rutgers Robert Wood Johnson University Hospital,1
Rutgers School Of Biomedical Sciences,1
Rutgers School Of Dental Medicine,1
Rutgers University  Biomedical And Health Sciences,1
Rutgers University - Robert Wood Johnson Medical School,1
Rutgers University-Newark,1
Rutgers-Robert Wood Johnson University Hospital,1
Sacramento Va Medical Center,1
Saint Agnes Healthcare,1
Saint Agnes Hospital Center And Cancer Institute,1
Saint Boniface Hospital,1
Saint Elizabeth Medical Center,1
Saint Mary'S Hospital,1
Samford University,1
Samuel S Stratton Veteran Affairs Medical Center,1
San Antonio Military Medical Center,1
San Francisco General Hospital And The University Of California,1
San Francisco State University,1
San Jose State University,1
Sanford Burnham Prebys Medical Discovery Institute,1
Sapporo Ishiyama Hospital,1
Sapporo Medical University Hospital,1
Saveetha Medical College And Hospital,1
Scripps Mercy Hospital,1
Scripps Mercy Hospital Trauma Service,1
Sefako Makgatho Health Sciences University,1
Semmelweis University,1
Shinshu Medical University,1
Shinshu University Of Medicine,1
Ocala Regional Medical Center,1
Nyu Winthrop Hospital,1
Nyu School Of Medicine,1
Marquette University,1
Legacy Good Samaritan Medical Center,1
Leiden University Medical Center,1
Lincoln Medical Center,1
Liver And Pancreas Transplant Center,1
Louisiana State University,1
Louisiana State University Health - Shreveport,1
Louisiana State University Health Sciences Center- Shreveport,1
Lousiana State University In Shreveport,1
Loyola University Chicago,1
Loyola Universtiy Medical Center,1
Magee-Womens Research Institute,1
Makerere University School Of Medicine,1
Marin General Hospital,1
Marin Health Medical Center,1
Marshall Institute For Interdisciplinary Research,1
Nyu Langone Hospital-Brooklyn,1
Marshall University Joan C. Edwards School Of Medicine,1
Marshall University School Of Medcine,1
Marshfield Clinic Health Center,1
Marshfield Clinic Health System,1
Marshfield Medical Center,1
Mary Bridge Children'S Health Center,1
Massachusetts General Hospital & Harvard Medical School,1
Mater Adult Brisbane Hospital,1
Matola Hospital,1
Matsushima Hospital,1
Mayo Clinic - Rochester,1
Mayo Clinic Rochester,1
Mbarara University Of Science And Technology,1
Mcgill University Health Centre,1
Lankenau Medical Center,1
Lahore General Hospital,1
Lahey Hospital Medical Center,1
Lahey Hospital And Medical Center,1
Johns Hopkins Bayview Medical Centre,1
Johns Hopkins Bloomberg School Of Public Health,1
Johns Hopkins Medicine International,1
Johns Hopkins School Of Medicine,1
Johns Hopkins Surgery Center For Outcomes Research,1
Johns Hopkins University Bloomberg School Of Public Health,1
Kagoshima University,1
Kampala International University Western Campus,1
Kamuzu Central Hospital,1
Karmanos Cancer Institute,1
Kashiwa Kosei General Hospital,1
Keck School Of Medicine,1
Keck School Of Medicine Of The University Of Southern California,1
Keio Universiry,1
Kibungo Referral Hospital,1
Kinan Hospita,1
King Abdulaziz Medical City,1
King Edward Medical University,1
King Faisal Specialist Hospital And Research Center (Kfsh),1
King George'S Medical University,1
King University,1
King'S College London School Of Medicine,1
King'S Mill Hospital,1
Kobe University,1
Komaki Municipal Hospital,1
Kravis Children'S Hospital At Mount Sinai,1
Kyushu University Beppu Hospital,1
Laboratory For Regenerative Tissue Repair,1
Lagos University Teaching Hospital,1
Mcgovern Medical School At Uthealth And Children'S Memorial Hermann,1
Md Anderson Cancer Center,1
Medical Center,1
Nemours/Alfred I Dupont Hospital For Children,1
New York Hospital Queens,1
New York Institute Of Technology,1
New York Presbyterian Hospital - Weill Cornell Medical College,1
New York Presbyterian Hospital-Columbia,1
New York Presbyterian Hospital/Weill Cornell Medicine,1
New York Presbyterian/Columbia University Medical Center,1
New York University Langone Health,1
New York University Langone Hospital - Long Island,1
New York-Presbyterian-Cornell,1
Newyork-Presbyterian Hospital/Weill Cornell Medical Center,1
Newyork-Presbyterian Queens,1
Newyork-Presbyterian/Queens,1
Niigata University,1
Nkafu Policy Institute,1
North Shore University Hospital,1
North Shore University Hospital And Long Island Jewish Medical Center,1
Northern Ontario School Of Medicine(Nosm) University,1
Northwell - Staten Island University Hospital,1
Northwell Health Cancer Institute At Northwell Center For Advanced Medicine,1
Northwell Health North Shore/Long Island Jewish Hospital,1
Northwell Health System - Long Island Jewish Medical Center,1
Northwell Northshore/Long Island Jewish,1
Northwestern Memorial Hospital,1
Northwestern University Feinberg School Of Medicine And Ann & Robert H. Lurie Children�S Hospital Of Chicago,1
Northwestern University- Feinberg School Of Medicine,1
Nyc Health +Hospitals/ Elmhurst,1
Nyu Langone Health,1
Nyu Langone Hospital,1
Nyu Langone Hospital - Long Island,1
Nepal Medical College And Teaching Hospital,1
Nemours Children'S Health System,1
Medical College Of Georgia At Augusta University,1
Nemours Children'S Health,1
Medical College Of Wisconsin & Froedert Hospital,1
Medical College Of Wisconsin Affiliated Hospitals,1
Medstar Georgetown University Hospital/Washington Hospital Center,1
Medstar-Georgetown University Medical Center,1
Memorial University Medical Center,1
Memorial University Medical Center-Mercer University School Of Medicine,1
Mercy Medical Center,1
Mercyone Des Moines,1
Mgh Institute Of Health Professions,1
Mgh Institute Of Technological Assessment,1
Miami Valley Hospital,1
Michael E Debakey Va Medical Center,1
Michigan Medicine University Of Michigan,1
Milton S. Hershey Medical Center,1
Mission Hospitals,1
Moi Teaching And Referral Hospital,1
Monash University Endocrine Surgery Unit,1
Monmouth Medical Center,1
Monroe Carell,1
Montefiore Medical Center/Albert Einstien College Of Medicine,1
Moores Cancer Center,1
Morsani College Of Medicine,1
Musc,1
National Clinician Scholars Program,1
Nationwide Childrens Hospital,1
Naval Medical Center,1
Nebraska Medical Center,1
Nemour'S Children'S Hospital; University Of Central Florida,1
Nemours Alfred I Dupot Hospital For Children,1
Zucker School Of Medicine At Hofstra,1
